,Call  Failure,Subscription  Length,Charge  Amount,Seconds of Use,Frequency of use,Frequency of SMS,Distinct Called Numbers,Age Group,Tariff Plan,Age,Customer Value
count,3150.0,3150.0,3150.0,3150.0,3150.0,3150.0,3150.0,3150.0,3150.0,3150.0,3150.0
mean,7.627936507936508,32.54190476190476,0.9428571428571428,4472.459682539683,69.46063492063492,73.17492063492064,23.50984126984127,2.826031746031746,1.0777777777777777,30.998412698412697,470.5130158730159
std,7.263885566996692,8.573482061327232,1.5210718803527454,4197.908686504334,57.41330775063302,112.23755969319922,17.21733743799194,0.8925551072658305,0.26786409466734135,8.831095499304965,516.9933084358076
min,0.0,3.0,0.0,0.0,0.0,0.0,0.0,1.0,1.0,15.0,0.0
25%,1.0,30.0,0.0,1391.25,27.0,6.0,10.0,2.0,1.0,25.0,113.0
50%,6.0,35.0,0.0,2990.0,54.0,21.0,21.0,3.0,1.0,30.0,228.0
75%,12.0,38.0,1.0,6478.25,95.0,87.0,34.0,3.0,1.0,30.0,788.0
max,36.0,47.0,10.0,17090.0,255.0,522.0,97.0,5.0,2.0,55.0,2165.0
